kpred,n,mean_silhouette
0,5627,0.5544671612376705
1,1525,0.5467779933998804
2,10398,0.573655235125124
3,15448,0.5871818197659116
4,450,0.5610703959070179
