kpred,n,mean_silhouette
0,9289,0.5693370200988578
1,15656,0.5902257858229353
2,6593,0.5530342053919194
3,1245,0.5488842352144696
4,665,0.5394155482874555
