kpred,n,mean_silhouette
0,55635,0.5716820096358581
1,8955,0.5587307994060738
2,25350,0.5540479006764631
3,74965,0.5820194238135816
4,2335,0.5315143257675323
