{
  "generated_at": "2025-10-30T03:58:55.008742+00:00",
  "corr_frac_vs_btc_fwd1": {
    "frac_blowoff": 0.00096069631978725,
    "frac_bull": 0.03730056773019015,
    "frac_calm": -0.039755665651040405,
    "frac_choppy": 0.0007825013455020824,
    "frac_sello": 0.03291670807393897
  }
}