FN,FP,TN,TP,accuracy,f1,precision,recall,threshold
0,3285,0,3393,0.5080862533692723,0.6738159070598749,0.5080862533692723,1.0,0.1
0,3285,0,3393,0.5080862533692723,0.6738159070598749,0.5080862533692723,1.0,0.2
0,3285,0,3393,0.5080862533692723,0.6738159070598749,0.5080862533692723,1.0,0.3
61,3221,64,3332,0.5085354896675651,0.6700180977277298,0.5084694033267206,0.9820218096080165,0.4
1608,1588,1697,1785,0.521413596885295,0.5276381909547738,0.5292024903646605,0.5260831122900088,0.5
3373,22,3263,20,0.4916142557651992,0.011644832605531296,0.47619047619047616,0.0058944886531093425,0.6
3393,0,3285,0,0.4919137466307278,0.0,0.0,0.0,0.7
3393,0,3285,0,0.4919137466307278,0.0,0.0,0.0,0.8
3393,0,3285,0,0.4919137466307278,0.0,0.0,0.0,0.9
