{
  "generated_at": "2025-10-30T04:03:20.644605+00:00",
  "corr_frac_vs_btc_fwd1": {
    "frac_blowoff": 0.0009606963197872089,
    "frac_bull": 0.037300567730190026,
    "frac_calm": -0.03975566565104035,
    "frac_choppy": 0.0007825013455020837,
    "frac_sello": 0.03291670807393895
  }
}