{
  "generated_at": "2025-10-30T04:08:38.101520+00:00",
  "corr_frac_vs_btc_fwd1": {
    "frac_blowoff": 0.000960696319787264,
    "frac_bull": 0.03730056773018991,
    "frac_calm": -0.039755665651040384,
    "frac_choppy": 0.0007825013455020936,
    "frac_sello": 0.03291670807393899
  }
}