regime,stay_prob
Blow-off rally / parabolic,0.18645235361653273
Bull impulse,0.6407119021134594
Calm / normal,0.7752737051027595
Choppy high-vol sideways,0.621235925634983
Sell-off / drawdown,0.21704637917005695
