regime,n,mean_ret,median_ret,std_ret,hit_rate,sharpe_d
Bull impulse,900,0.08594528004729445,0.11211835848958268,0.08420344454840202,0.83,1.0206860361619907
Blow-off rally / parabolic,4355,0.07948469341442341,0.06907318771053084,0.03739024925551785,1.0,2.1258134138459504
Choppy high-vol sideways,7651,0.005964359821769656,0.003927925202722893,0.04440970775786655,0.5425434583714547,0.13430306396720557
Calm / normal,15621,-0.0012750734689526647,-0.0010249972253291162,0.01957918013515314,0.4796107803597721,-0.06512394595437393
Sell-off / drawdown,4921,-0.0783669090565946,-0.07178172428431973,0.033789075526647,4.06421459053038E-4,-2.3192972235890945
