FN,FP,TN,TP,accuracy,f1,precision,recall,threshold
0,16581,0,16669,0.5013233082706767,0.6678419038842925,0.5013233082706767,1.0,0.1
0,16581,0,16669,0.5013233082706767,0.6678419038842925,0.5013233082706767,1.0,0.2
0,16581,0,16669,0.5013233082706767,0.6678419038842925,0.5013233082706767,1.0,0.3
234,16312,269,16435,0.502375939849624,0.6651691759753926,0.5018780346291263,0.9859619653248545,0.4
7302,8399,8182,9367,0.5277894736842105,0.5440394947001598,0.5272430485196443,0.5619413282140501,0.5
16494,107,16474,175,0.5007218045112782,0.020647749395315912,0.6205673758865248,0.010498530205771192,0.6
16669,0,16581,0,0.49867669172932333,0.0,0.0,0.0,0.7
16669,0,16581,0,0.49867669172932333,0.0,0.0,0.0,0.8
16669,0,16581,0,0.49867669172932333,0.0,0.0,0.0,0.9
