{
  "generated_at": "2025-10-30T04:16:22.746535+00:00",
  "corr_frac_vs_btc_fwd1": {
    "frac_blowoff": 0.0009606963197872537,
    "frac_bull": 0.037300567730189936,
    "frac_calm": -0.0397556656510404,
    "frac_choppy": 0.0007825013455020847,
    "frac_sello": 0.032916708073938955
  }
}