k,ma_gap_30,ma_gap_7,ret_1d_w,ret_std_30,ret_std_7,zscore_7
0,0.06802021388498505,0.03379899709507222,0.04086118250421057,0.05215822588082921,0.050024363890091315,0.8965311777950629
1,0.06526961690837088,0.06787034313965565,0.09250685965202306,0.04695532524276265,0.033614618316476594,3.349035333011581
2,0.04886270380634897,-0.03117580135209054,-0.06693654087627811,0.05202070987805856,0.04607878590154691,-1.7775879937284287
3,0.03294432042204777,-0.0023692425964867317,-0.01402495347349207,0.05227953828491159,0.0517399702008567,-0.3431168905784738
4,-0.026360372542116536,-0.07208872145406288,-0.0948982336137351,0.041664004652126566,0.021905119432230138,-5.085978751633381
