regime,n,mean_ret_fwd1,median_ret_fwd1,std_ret_fwd1,hit_rate_fwd1,sharpe_d_fwd1
Bull impulse,4500,0.0112716242764918,-0.0012068012433910091,0.1005557260967197,0.49444444444444446,0.11209331098310771
Sell-off / drawdown,24605,0.006807391116103058,0.008640000616753019,0.06303594739095444,0.5681771997561471,0.10799220758725216
Blow-off rally / parabolic,21735,0.003273668975598993,-0.0040318206423908265,0.05995545856024574,0.463768115942029,0.05460168355329105
Calm / normal,78060,4.6805786102039124E-4,-1.332053482743234E-4,0.039468587482012873,0.4984627209838586,0.011858997012084623
Choppy high-vol sideways,38235,-2.1127517441139106E-4,-0.002131035282372906,0.06736932846034573,0.48398064600496926,-0.003136073629348254
