regime,n,mean_ret,median_ret,std_ret,hit_rate,sharpe_d
Bull impulse,900,0.08594528004729433,0.11211835848958268,0.08420344454840202,0.83,1.0206860361619894
Blow-off rally / parabolic,4355,0.0794846934144236,0.06907318771053084,0.037390249255517816,1.0,2.1258134138459575
Choppy high-vol sideways,7651,0.005964359821769663,0.003927925202722893,0.04440970775786651,0.5425434583714547,0.13430306396720584
Calm / normal,15621,-0.0012750734689526632,-0.001025897962407596,0.019579180135153224,0.4796107803597721,-0.06512394595437357
Sell-off / drawdown,4921,-0.07836690905659424,-0.07178172428431973,0.03378907552664695,4.06421459053038E-4,-2.319297223589087
