{
  "generated_at": "2025-10-30T04:17:30.214095+00:00",
  "corr_frac_vs_btc_fwd1": {
    "frac_blowoff": 0.0009606963197872376,
    "frac_bull": 0.03730056773018992,
    "frac_calm": -0.03975566565104035,
    "frac_choppy": 0.0007825013455020659,
    "frac_sello": 0.03291670807393895
  }
}