FN,FP,TN,TP,accuracy,f1,precision,recall,threshold
0,33096,0,33534,0.5032868077442594,0.6695818857074398,0.5032868077442594,1.0,0.1
0,33096,0,33534,0.5032868077442594,0.6695818857074398,0.5032868077442594,1.0,0.2
0,33096,0,33534,0.5032868077442594,0.6695818857074398,0.5032868077442594,1.0,0.3
443,32550,546,33091,0.504832657961879,0.6673254348374086,0.5041209000472265,0.986789527047176,0.4
14857,16529,16567,18677,0.5289509230076542,0.5434099505382601,0.5305061637220928,0.5569571181487446,0.5
33207,233,32863,327,0.4981239681825004,0.019182260808353373,0.5839285714285715,0.009751297190910717,0.6
33534,4,33092,0,0.4966531592375807,0.0,0.0,0.0,0.7
33534,0,33096,0,0.4967131922557407,0.0,0.0,0.0,0.8
33534,0,33096,0,0.4967131922557407,0.0,0.0,0.0,0.9
