kpred,n,mean_silhouette
0,127090,0.5687636812806223
1,142010,0.5862741127335472
2,2490,0.531703282694356
3,29910,0.5416257265084347
4,32980,0.5561639502548812
