regime,avg_ret_1d_w,avg_zscore_7,avg_ret_std_7,avg_ret_std_30,avg_ma_gap_7,avg_ma_gap_30,n
Blow-off rally / parabolic,0.0794846934144234,2.1476420276430135,0.044018592835950235,0.050443684148769076,0.07337236036900327,0.09687985371236303,4355
Bull impulse,0.08594528004729443,0.455230662340629,0.08897144089093265,0.07829653568315237,0.3567776452894824,1.1963689563048263,900
Calm / normal,-0.0012750734689526647,-0.05902995025087651,0.032202999081855206,0.03740072880079263,-0.001085125930937835,-0.00184909739872025,15621
Choppy high-vol sideways,0.005964359821769656,0.03712611601991876,0.07833636390346055,0.07413685911735984,0.009702940457837272,0.07444353501229088,7651
Sell-off / drawdown,-0.07836690905659457,-1.746533296436608,0.05336491989700167,0.0589057284315723,-0.08203470531185915,-0.08638440740617807,4921
