cluster,avg_ret_1d_w,avg_zscore_7,avg_ret_std_7,avg_ret_std_30,avg_ma_gap_7,avg_ma_gap_30,n
0,0.07948469341442331,2.147642027643014,0.04401859283595018,0.0504436841487691,0.0733723603690032,0.09687985371236303,4355
1,-0.0012750734689526656,-0.0590299502508764,0.03220299908185519,0.03740072880079263,-0.0010851259309378341,-0.0018490973987202173,15621
2,-0.07836690905659442,-1.7465332964366072,0.05336491989700161,0.05890572843157231,-0.08203470531185933,-0.08638440740617814,4921
3,0.00596435982176965,0.03712611601991878,0.07833636390346047,0.07413685911735983,0.009702940457837263,0.07444353501229117,7651
4,0.08594528004729445,0.45523066234062876,0.08897144089093263,0.07829653568315242,0.3567776452894821,1.1963689563048254,900
