{
  "generated_at": "2025-10-30T04:10:43.323745+00:00",
  "corr_frac_vs_btc_fwd1": {
    "frac_blowoff": 0.0009606963197872612,
    "frac_bull": 0.03730056773018992,
    "frac_calm": -0.039755665651040384,
    "frac_choppy": 0.0007825013455020892,
    "frac_sello": 0.03291670807393899
  }
}