{
  "generated_at": "2025-10-30T04:00:22.442922+00:00",
  "corr_frac_vs_btc_fwd1": {
    "frac_blowoff": 0.0009606963197872544,
    "frac_bull": 0.037300567730189964,
    "frac_calm": -0.03975566565104015,
    "frac_choppy": 0.0007825013455020921,
    "frac_sello": 0.0329167080739389
  }
}